id,region,first_name,last_name,full_name,email,phone,city,address,masked_name,masked_email
f08e54d6-c173-4528-985d-c731f235c62c,JP,由美,森,山田哲也,jonathanwhitney@grady.net,011-67-4909,川崎,岡山日比谷通り6811 552-6633,308ffb7d185ebd2a,c3c5b55e98286a09
03072192-70d2-47f6-b49c-516872f1eb73,JP,真由美,佐々木,山田久美子,katherinevincent@strong.net,081-75-1816,静岡,名古屋外堀通り9261 396-6040,ee1722b9a5f5899b,aa36f3f21daa6eea
cc069dd4-f684-4f80-932f-c8f11d97b79d,JP,学,小林,阿部恵,juliasingleton@lopez.biz,07-086-3146,堺,さいたま青山通り9070 761-6451,fa236608d95cc4b3,ebf670af8578df1b
53e32ed3-edf7-4375-bc72-4a6d02c2305e,JP,和也,渡辺,佐藤美咲,claudecampbell@donnelly.com,035-34-4738,仙台,さいたま白山通り4000 971-0647,c4a994fda8a4d8da,b973408721e78e39
664f698f-bbda-4124-ace3-27fd412929bd,JP,剛,斎藤,前田京子,aprilharris@marquardt.biz,0956-115-7237,熊本,静岡環七通り2275 693-3791,66c8ef180c61b3d5,2b97379254dddf8d
20716dbf-510f-42c3-8891-4ecda2c23191,JP,健太,林,中村真由美,jeffreybecker@jensen.net,064-248-9841,仙台,八王子昭和通り673 004-4935,7f38936e14cfcf49,453de9774d25bbb8
28f0d12b-c3fd-4529-b5a9-a5479f850f05,JP,智子,山本,小川明美,deepeterson@hammond.biz,072-52-4146,熊本,八王子国道一号線2441 475-6972,04cb68bfbe251ed9,554c4ce5b1ffbc77
06eee200-2405-40c7-bfc5-b2f14240a6ce,JP,葵,山田,田中美咲,helenasullivan@rice.net,045-142-1526,千葉,札幌青山通り8876 362-1542,cdc137ec0a774ed5,5db0f33961e671fe
5478a87f-c64d-47e5-93b7-5a9109ed2b91,JP,和也,山下,中島愛,estrellabernhard@snyder.io,07-655-6394,北九州,八王子御堂筋7209 462-0395,dda3c98531634430,4a034163c89ea332
558b3b99-7095-4ff1-ae65-fc4b9fdaa706,JP,陽菜,林,田中大輔,buddynash@white.org,02-5570-2013,東京,相模原内堀通り1133 491-1218,fcd1f184832610f0,3bec9695b8a387d2
d7c5b3af-a6fa-4c47-a411-c8c6f5e1a537,JP,悠真,阿部,清水翔太,enoswood@higgins.com,05-3148-9407,京都,福岡中央通り6603 045-2396,f34fb25fe3771e9f,1670729042433093
e5a82406-6940-4cef-bf2e-1a6e6b3ef267,JP,蓮,木村,山田隆,quinngarrison@clay.info,0285-1933-5736,さいたま,熊本昭和通り5519 523-9373,e4d4ac509dc9ffc7,3c569ccd191a00e2
33fe1335-d256-41b3-af8a-08e31c435d50,JP,太郎,佐々木,石川陽子,brennonmccullough@roberts.io,021-17-7019,静岡,北九州内堀通り6288 917-9416,48a9dd10f87246a6,b6d0999d77ffaf6a
84bb9e03-f8a6-4f4a-b89a-d395549cf380,JP,悠真,伊藤,阿部悠斗,damarisschmidt@collins.io,0397-63-6026,浜松,岡山表参道6737 608-9537,7aed1aeafe8c1fb4,1ca9358d5a07ffd7
1f38e57f-345c-4088-a1ed-ff158e7714ef,JP,典子,池田,橋本真由美,kassandragibson@padilla.org,070-855-3358,堺,相模原白山通り6054 761-3915,8ed28d34d0cad31b,d7d2e5113754d1f4
0752c92d-2b36-4280-af72-08ca5e4bfdc2,JP,一郎,橋本,小川久美子,curtwatts@quinn.com,03-740-0418,新潟,船橋国道一号線2400 867-5393,e448a4dba7907a0e,e70abdc296f900ef
80eb8c92-2b5d-493d-b4d2-b20db9bd525c,JP,智子,阿部,中島葵,elisareilly@friesen.name,0127-066-0918,堺,堺青山通り9077 766-1823,ee3acb7c6b26a98b,c56bcf46a01ef83f
375b37e1-b4a1-41ff-84c7-6493b9e06391,JP,さくら,田中,林悠斗,claudemason@donnelly.name,02-26-0128,東京,横浜御堂筋1532 777-4766,aae4180284aa948a,daf705e11d380e9c
b10ce775-669f-407b-a2db-ae287a7b1229,JP,太郎,佐藤,前田陽菜,sheilaschiller@tran.info,095-000-8362,東京,堺明治通り2958 513-0779,cdbf2c8bc3919101,4f1b7ee494e9af50
4dcaea8d-d564-4932-8150-bbaaea8da010,JP,亮,阿部,山下湊,judgefrazier@fleming.io,0584-4580-6087,新潟,鹿児島日比谷通り127 359-5798,a641801f4692190e,347c61dcae1e417b
5f65622e-a189-4196-9fd9-5e60f6da9453,JP,剛,松本,渡辺陽菜,janwalters@harrington.net,0449-379-0153,八王子,相模原靖国通り8453 614-3118,27b7b49c5fdb2733,1770663d4022ce6b
f275fe5e-17a9-442b-b23c-f9f5bfe68307,JP,一郎,石川,伊藤智子,houstonball@cox.biz,00-39-4228,神戸,さいたま日比谷通り8217 115-0944,6e7aa94465295636,e7d4e5e279a310c6
746cd2ce-f8ec-4d5b-9e9f-ae0933181c6b,JP,美咲,森,橋本真由美,dollyarmstrong@auer.io,0022-542-5555,静岡,京都外堀通り555 283-6379,8ed28d34d0cad31b,407a2c6f4de97247
dcb85c55-1a6b-4f06-993d-c1f7dba62ac6,JP,美咲,清水,木村花子,ardellabaldwin@larson.org,0860-9708-4002,堺,船橋靖国通り1513 961-3141,911f14d45eb7eda9,99dbaf04f7ce16d7
b5b1d36e-c2da-4697-8a67-ef50481cef69,JP,拓也,斎藤,山下陽菜,carolynvaldez@robbins.name,0198-795-2835,東京,浜松御堂筋6439 601-9399,1300e8109aa8df1b,72e93cfa3e3bcd68
90fd73ad-75e2-4500-ba5d-1aacbe48a199,JP,葵,佐藤,佐々木翔太,marietownsend@gordon.com,0512-9375-6943,川崎,札幌環七通り9411 738-4316,c9080cc0226cadf0,77b305df03ba9fe6
989c56d4-c754-4977-be48-9ce79b2457c2,JP,明美,阿部,鈴木悠真,emmywelch@ortiz.com,0478-63-7742,横浜,岡山表参道6756 177-3225,915d6cef1713cf69,ba7fc58f08651565
6832affe-6e4c-4797-8738-23a87b08bb4a,JP,久美子,橋本,山下悠真,fayford@little.name,006-55-1492,大阪,堺外堀通り3280 345-6589,742e286664ed4a0a,74edb22136edad04
efa7103f-57ce-4927-bb51-cd7ce928699a,JP,拓也,田中,森さくら,augustahoffman@carr.io,062-2598-0616,大阪,浜松中央通り5370 568-9617,ad1087443eaa2b3d,390aed565c411128
17b19f9d-9600-4a7a-9edf-0c3a7b4afcf3,JP,和也,山田,木村健太,clevegerlach@jenkins.io,0380-9014-3951,川崎,名古屋中央通り2431 371-1010,58e56c6a508db1c1,f5065baebdf5dfb9
941d6bb4-5a29-4391-8c07-cb729de32234,JP,麻衣,松本,橋本由美,novabeahan@ray.com,03-9057-9016,八王子,さいたま日比谷通り9706 184-7646,7864abe4fd7a1f65,14770c2ac5d5c9f1
96c40c27-4149-42f7-8f97-7d62f9955d4f,JP,結衣,鈴木,池田拓也,miareed@bradley.info,0733-4277-9803,名古屋,広島国道一号線9985 760-6565,bfa3b1b5a5ed7cda,72bba7f51fd497f3
f30afe47-b3c9-46fc-a6d1-983f7d3dc10d,JP,陽菜,井上,小川翔太,alanthornton@wagner.biz,023-643-2116,福岡,東京中央通り2908 050-7378,6aeb22ad277b8f59,0c7e6c7ad41b2bdc
2e3dc35b-ee36-4fab-b1f8-a4e7044c833d,JP,由美,阿部,渡辺哲也,daltonwagner@atkins.net,042-5498-9431,札幌,熊本昭和通り219 532-0176,706e09407b05ab0e,37256fe1029e6cb1
35a3f778-e903-46fa-9778-bc6b52c2963e,JP,直樹,伊藤,森翔太,madilynramsey@hubbard.io,042-33-6116,千葉,福岡内堀通り8004 342-7998,a709df1e35709e04,e2012495ba0ce580
cecb32be-7066-419f-b85b-90afe243200d,JP,学,中村,小林陽菜,edmundvargas@walton.org,011-06-5397,鹿児島,大阪甲州街道415 362-8027,01582b9156801632,1c190aa6e9178839
10807767-cd9b-4d92-b0c5-d76b5be8cb2e,JP,拓也,小林,小林翔太,asiazimmerman@freeman.name,080-7423-1632,京都,広島内堀通り7978 363-9941,cb155b5cda05c28a,f75495a59d935c35
2cf697f3-41a3-4e13-a3c6-bc9029b993b8,JP,誠,中村,伊藤真由美,sadiefarrell@gordon.com,08-27-0985,横浜,仙台環七通り7652 502-1713,c53576bbc45769cd,1fe19f56e92f72b0
c924b7f0-43d2-42c4-bc7d-606590f0edb9,JP,一郎,阿部,清水隆,kingglenn@shields.net,01-87-6509,鹿児島,千葉御堂筋4146 954-9590,29f1884c33c70178,9eb28542169298ff
33a931ce-66ed-414a-8d31-bd597fa56f74,JP,太郎,木村,小林明美,bernardroberts@hamilton.biz,0311-5872-7348,名古屋,名古屋青山通り1716 515-4428,86a5be0bc286488c,78439a5a84360272
43968161-f1a4-40e4-9b26-fe613c198792,JP,亮,松本,山下湊,armandnewman@herrera.name,072-2904-0823,鹿児島,千葉日比谷通り8359 307-5533,a641801f4692190e,61bb3023fb2770e1
15803af4-317d-40e1-ba86-d0ad52b37f4f,JP,太郎,井上,石川由美,catherineatkinson@mclaughlin.com,08-21-2377,大阪,熊本甲州街道8563 418-0049,7a7f34358512c9b1,4b8a825e2b22c497
a3467752-0977-49f6-bead-1517b3f95585,JP,京子,池田,加藤明美,korycox@murray.org,020-855-2411,北九州,堺明治通り5968 754-6070,b62601b650867326,3a0b108b2c73644d
027457c8-3da3-4144-88a8-eff292a2693b,JP,剛,佐藤,高橋麻衣,kirapatel@vega.org,07-97-5590,札幌,浜松御堂筋4951 756-9415,4464e2bdc5b6a615,fd82ac330321f573
87098833-5ae8-41b6-bafd-ee635051d795,JP,幸子,山田,松本太郎,earlineabernathy@hunt.biz,0853-070-1370,福岡,京都日比谷通り6883 055-2113,d09ad2834e9f5bb7,c6c2e6e67382d89e
a3caacb3-3f7c-491c-9bec-ebc65d5891eb,JP,結衣,小川,加藤隆,bertbird@wilkins.info,016-9026-5250,鹿児島,八王子日比谷通り8748 844-9898,02c262a5bb9380a3,0e3d499c9f31975a
916a79ca-672c-4cf5-ad79-69ac4ecfa57b,JP,学,石井,中島亮,robertamatthews@richards.biz,0939-45-0097,静岡,福岡白山通り8296 111-0428,2712cb69ff09e514,e27f36c493ca8ca0
022c1a22-7b9f-42a9-9739-aaa156e89087,JP,大輔,石井,森由美,alvahthornton@martin.org,036-2079-6868,八王子,神戸国道一号線3492 066-9675,3e477c21ff931346,96871eb683e062cb
fc84128d-8ad9-4d0a-a09f-a7bc127793e6,JP,凛,中島,鈴木智子,corinemcdonald@nelson.info,055-308-0395,東京,新潟昭和通り422 637-8697,99024f2c05569466,2a839491a77a0dcf
23829631-4291-4a5c-a5aa-66990f900a04,JP,葵,斎藤,高橋蓮,aileenholland@burns.biz,016-0465-3930,浜松,札幌青山通り6916 411-2817,dc0a15d607249116,46a65d2f066fc0e0
